"url","desc"
"http://128.210.114.247/fullsize.jpg","Somewhere in Food Science"
"http://128.210.129.12/axis-cgi/jpg/image.cgi","PMU From Street Level"
"http://128.210.136.171/axis-cgi/jpg/image.cgi?resolution=320x240","BCM Project Mgmt Office"
"http://128.210.138.184/axis-cgi/jpg/image.cgi?resolution=320x240","Margaret Taber Lab"
"http://128.210.140.221/axis-cgi/jpg/image.cgi","Knoy Tech Education Lab"
"http://128.210.140.65/Images/Java_Anim.gif","Knoy Visualization Lab"
"http://128.210.160.3/axis-cgi/jpg/image.cgi","Bindley Bioscience Center Construction Cam"
"http://128.210.160.4/axis-cgi/jpg/image.cgi","Birck Nanotechnology Center Construction"
"http://128.210.180.179/axis-cgi/jpg/image.cgi","Pharmacy Practice Lab Renovations"
"http://bmewebcam.ecn.purdue.edu/axis-cgi/jpg/image.cgi","BME Building Construction (Viewed From the PUPD Building)"
"http://bridge.ecn.purdue.edu/CE/Cameras/bin/nph-update-civl3154cam1.cgi","The Olson Lab CIVL 3154"
"http://bridge.ecn.purdue.edu/CE/Cameras/bin/nph-update-civl3154cam2.cgi","The Olson Lab CIVL 3154"
"http://buildingcam.cs.purdue.edu/netcam.jpg","New CS Building"
"http://chmecam3.ecn.purdue.edu/cgi-bin/fullsize.jpg","ChmE Construction"
"http://cima02.chem.purdue.edu/axis-cgi/jpg/image.cgi?camera=1","Chemistry Crystallography Center (WTHR 234)"
"http://cima02.chem.purdue.edu/axis-cgi/jpg/image.cgi?camera=2","Chemistry Crystallography Center (WTHR 234)"
"http://civl3104acam1.ecn.purdue.edu/cgi-bin/jpg/image.cgi","Armstrong Hall Construction From CIVL3104"
"http://civl3154cam1.ecn.purdue.edu/cgi-bin/jpg/image.cgi","The Olson Lab CIVL 3154"
"http://civl3154cam2.ecn.purdue.edu/cgi-bin/jpg/image.cgi","The Olson Lab CIVL 3154"
"http://civlnwcam01.ecn.purdue.edu/oneshotimage.jpg","Northwestern and Staduim Traffic Cam"
"http://cs257-cam.cs.purdue.edu/netcam.jpg","XINU Lab"
"http://earthcam1.hfs.purdue.edu/axis-cgi/jpg/image.cgi","New Residence Hall Construction"
"http://haas175-2-cam.cs.purdue.edu/netcam.jpg","HAAS 175 Cam Two"
"http://haas175-cam.cs.purdue.edu/netcam.jpg","HAAS 175 Cam One"
"http://haas257-cam.cs.purdue.edu/axis-cgi/jpg/image.cgi","The XINU Lab"
"http://haasg040-cam.cs.purdue.edu/axis-cgi/jpg/image.cgi","HAAS G40"
"http://haasg056-cam.cs.purdue.edu/axis-cgi/jpg/image.cgi","HAAS G56"
"http://hackmore.net/bug.gif","image not found"
"http://herlcam2.ecn.purdue.edu/cgi-bin/fullsize.jpg","Ray W. Herrick Laboratories Cam 2"
"http://herlcam3.ecn.purdue.edu/cgi-bin/jpg/image.cgi","Ray W. Herrick Laboratories Cam 3"
"http://herlcam4.ecn.purdue.edu/cgi-bin/image640x480.jpg?dummy=1062963143770","Ray W. Herrick Laboratories Cam 4"
"http://hknpos.ecn.purdue.edu/bagelcam/webcam.jpg","The HKN Bagelcam"
"http://hort064.hort.purdue.edu/cgi-bin/fullsize.jpg","Horticulture Plant Cam"
"http://hort104.hort.purdue.edu/__live.jpg?&&&","Green House ???"
"http://ireland.fll.purdue.edu/Jpeg/CamImg.jpg","Foreign Languages and Literature SC220"
"http://k128dhcp230.mgmt.purdue.edu/axis-cgi/jpg/image.cgi","Kranert Lab ???"
"http://k128dhcp232.mgmt.purdue.edu/axis-cgi/jpg/image.cgi","Kranert Lab ???"
"http://k128dhcp233.mgmt.purdue.edu/axis-cgi/jpg/image.cgi","Kranert Lab ???"
"http://k133-041.mgmt.purdue.edu/axis-cgi/jpg/image.cgi","Kranert Drawing Room"
"http://k133-200.mgmt.purdue.edu/axis-cgi/jpg/image.cgi","Rawls Room 1011"
"http://k133-201.mgmt.purdue.edu/axis-cgi/jpg/image.cgi","Rawls Room 1057"
"http://k133-205.mgmt.purdue.edu/axis-cgi/jpg/image.cgi","Rawls Hall 2nd Floor Commons"
"http://k133-206.mgmt.purdue.edu/axis-cgi/jpg/image.cgi","Rawls Room 2058"
"http://k133-207.mgmt.purdue.edu/jpg/image.jpg","Rawls Room 2070"
"http://k133-209.mgmt.purdue.edu/axis-cgi/jpg/image.cgi","Rawls Room 2079"
"http://k133-210.mgmt.purdue.edu/axis-cgi/jpg/image.cgi","Rawls Room 2082"
"http://k133-211.mgmt.purdue.edu/axis-cgi/jpg/image.cgi","Rawls Hall Atrium"
"http://k133-212.mgmt.purdue.edu/jpg/image.jpg","Rawls Room 3058"
"http://k133-213.mgmt.purdue.edu/jpg/image.jpg","Rawls Room 4054"
"http://k133-214.mgmt.purdue.edu/jpg/image.jpg","Rawls Room 4082"
"http://k203-neteye-1.tech.purdue.edu/fullsize.jpg","Knoy 203 GTE WAN Laboratory"
"http://k204-neteye-1.tech.purdue.edu/fullsize.jpg","Knoy 204"
"http://k206-neteye-1.tech.purdue.edu/fullsize.jpg","Knoy 206 CPT Broadband Transmission Laboratory"
"http://k208-neteye-1.tech.purdue.edu/fullsize.jpg","Knoy TCN e-Business Lab"
"http://k228-neteye-1.tech.purdue.edu/fullsize.jpg","Knoy Room 228"
"http://k258-neteye-1.tech.purdue.edu/fullsize.jpg","Knoy Manufacturing Center Lab Front"
"http://k258-neteye-2.tech.purdue.edu/fullsize.jpg","Knoy Manufacturing Center Lab Back"
"http://k346-neteye-1.tech.purdue.edu/fullsize.jpg","Knoy 346 Advanced Graphics and Visualization Laboratory"
"http://kg001-neteye-1.tech.purdue.edu/cgi-bin/jpg/image.cgi","Knoy DCM Construction Lab"
"http://lwsnb146-cam.cs.purdue.edu/axis-cgi/jpg/image.cgi","Lawson CS Building Room B146"
"http://lwsnb148-cam.cs.purdue.edu/axis-cgi/jpg/image.cgi","Lawson CS Building Room B148"
"http://lwsnb160-cam.cs.purdue.edu/axis-cgi/jpg/image.cgi","Lawson CS Building Room B160"
"http://m1219-neteye-1.tech.purdue.edu/SnapshotJPEG?Resolution=320x240&Quality=Standard&Interval=0","Michael Golden LAN Laboratory"
"http://mackc.athletics.purdue.edu/SnapshotJPEG?Resolution=640x480&Quality=Standard","Mackey Arena Project"
"http://me120cam1.ecn.purdue.edu/axis-cgi/jpg/image.cgi","ME 120"
"http://me140cam1.ecn.purdue.edu/axis-cgi/jpg/image.cgi","Mechanical Engineering Room 140 Cam One"
"http://me140cam2.ecn.purdue.edu/axis-cgi/jpg/image.cgi","Mechanical Engineering Room 140 Cam Two"
"http://me140cam3.ecn.purdue.edu/axis-cgi/jpg/image.cgi","Mechanical Engineering Room 140 Cam Three"
"http://me140cam4.ecn.purdue.edu/axis-cgi/jpg/image.cgi","Mechanical Engineering Room 140 Cam Four"
"http://me140cam5.ecn.purdue.edu/axis-cgi/jpg/image.cgi","Mechanical Engineering Room 140 Cam Five"
"http://me140cam6.ecn.purdue.edu/axis-cgi/jpg/image.cgi","Mechanical Engineering Room 140 Cam Six"
"http://me140cam7.ecn.purdue.edu/axis-cgi/jpg/image.cgi","Mechanical Engineering Room 140 Cam Seven"
"http://me192pc30.ecn.purdue.edu/axis-cgi/jpg/image.cgi","ME 586L"
"http://me192pc31.ecn.purdue.edu/axis-cgi/jpg/image.cgi","ME 365"
"http://me192pc32.ecn.purdue.edu/axis-cgi/jpg/image.cgi","ME 140 Door"
"http://me192pc33.ecn.purdue.edu/axis-cgi/jpg/image.cgi","ME 475"
"http://me192pc34.ecn.purdue.edu/axis-cgi/jpg/image.cgi","ME 309L"
"http://me192pc35.ecn.purdue.edu/axis-cgi/jpg/image.cgi","ME 315L"
"http://me193pc96.ecn.purdue.edu/axis-cgi/jpg/image.cgi","ME 355"
"http://me193pc97.ecn.purdue.edu/axis-cgi/jpg/image.cgi","ME 424 North"
"http://me193pc98.ecn.purdue.edu/axis-cgi/jpg/image.cgi","ME 236 South West"
"http://me236cam1.ecn.purdue.edu/axis-cgi/jpg/image.cgi","Mechanical Engineering Room 236"
"http://me236cam2.ecn.purdue.edu/axis-cgi/jpg/image.cgi","ME Room 236 Cam Two"
"http://me242cam1a.ecn.purdue.edu/axis-cgi/jpg/image.cgi","Mechanical Engineering Room 242 Cam One"
"http://me242cam2.ecn.purdue.edu/axis-cgi/jpg/image.cgi","Mechanical Engineering Room 242 Cam Two"
"http://me355cam1.ecn.purdue.edu/cgi-bin/jpg/image.cgi","Mechanical Engineering Room 355"
"http://me42cam1.ecn.purdue.edu/axis-cgi/jpg/image.cgi","ME 42"
"http://me44cam1.ecn.purdue.edu/axis-cgi/jpg/image.cgi","ME 44"
"http://me98pc29.ecn.purdue.edu/axis-cgi/jpg/image.cgi","ME 01"
"http://mes02cam1.ecn.purdue.edu/axis-cgi/jpg/image.cgi","ME S02"
"http://mobile.tech.purdue.edu/camera/SnapshotJPEG?Resolution=320x240&Quality=Clarity&Interval=10","CPT Mobile Computing Lab"
"http://mobile.tech.purdue.edu/camera/SnapshotJPEG?Resolution=320x240&Quality=Standard&Interval=0","Michael Golden CPT Mobile Computing Lab Front"
"http://mobile.tech.purdue.edu/camera2/SnapshotJPEG?Resolution=320x240&Quality=Standard&Interval=0","Michael Golden CPT Mobile Computing Lab Back"
"http://mobile.tech.purdue.edu/CamPics/Cam1Pic.aspx","Mobile Computing Lab Cam One"
"http://mobile.tech.purdue.edu/CamPics/Cam2Pic.aspx","Mobile Computing Lab Cam Two"
"http://netbotz.ecn.purdue.edu/campic.jpg","MSEE
MSEE Machine Room"
"http://phys10-cam.cs.purdue.edu/netcam.jpg","CS Lab In PHYS 10"
"http://phys8-cam.cs.purdue.edu/netcam.jpg","CS Lab In PHYS 08"
"http://rec108-cam.cs.purdue.edu/netcam.jpg","CS Lab In The Recitation Building"
"http://spare1-29.cs.purdue.edu/axis-cgi/jpg/image.cgi","Northern Lights Display in the LWSN CS Building"
"http://web.ics.purdue.edu/~amhilton/furiousd/webcam.jpg","Fish Tank in Brown 4164"
"http://web.ics.purdue.edu/~amhilton/tank/tank.jpg","Fish Tank in Brown 4164"
"http://webcam01.eas.purdue.edu/axis-cgi/jpg/image.cgi","Armstrong Hall Construction From CIVL3104"
"http://webcam02.eas.purdue.edu/axis-cgi/jpg/image.cgi","Neil Armstrong Hall Construction From PHYS ???"
"http://webcam02.ecn.purdue.edu/cgi-bin/jpg/image.cgi","Northwestern Garage"
"http://webcam03.ecn.purdue.edu/axis-cgi/jpg/image.cgi","Neil Armstrong Hall Construction From PHYS ???"
"http://webcam05.ecn.purdue.edu/axis-cgi/jpg/image.cgi","Gatewood Wing of ME viewed from 4th floor of ENAD"
"http://webcam07.ecn.purdue.edu/axis-cgi/jpg/image.cgi","Construction of the Discovery Learning Center"
"http://www.ecn.purdue.edu/Solarcar/webcam.jpg","Solar Car Garage"
"http://www.mgmt.purdue.edu/axis-cgi/jpg/image.cgi","PMU From Above"
