url,name,brand,status,live_status,content_type,server_header,notes
https://images-webcams.windy.com/15/1597690315/current/full/1597690315.jpg,Webcamera24 8566 Ruse LBRS,Webcamera24,0,live,,,ruse bg | Windy 1597690315 | Windy cam image proxy
https://images-webcams.windy.com/15/1793898215/current/full/1793898215.jpg,Webcamera24 8566 Ruse LBRS,Webcamera24,0,live,,,ruse bg | Windy 1793898215 | Windy cam image proxy
https://images-webcams.windy.com/97/1793902097/current/full/1793902097.jpg,Webcamera24 8566 Ruse LBRS,Webcamera24,0,live,,,ruse bg | Windy 1793902097 | Windy cam image proxy
https://www.img.worldcam.pl/webcams/200x113/2026-08-25/14906.jpg,Webcamera24 8566 Ruse LBRS,Webcamera24,0,live,,,ruse bg | Worldcam 14906 | Worldcam bg cam (Ruse)
https://www.img.worldcam.pl/webcams/200x113/2026-08-25/24496.jpg,Webcamera24 8566 Ruse LBRS,Webcamera24,0,live,,,ruse bg | Worldcam 24496 | Worldcam bg cam (Ruse)
https://www.img.worldcam.pl/webcams/200x113/2026-08-25/2706.jpg,Webcamera24 8566 Ruse LBRS,Webcamera24,0,live,,,ruse bg | Worldcam 2706 | Worldcam bg cam (Ruse)
https://www.img.worldcam.pl/webcams/200x113/2026-08-25/37360.jpg,Webcamera24 8566 Ruse LBRS,Webcamera24,0,live,,,ruse bg | Worldcam 37360 | Worldcam bg cam (Ruse)
https://www.img.worldcam.pl/webcams/200x113/2026-08-25/40580.jpg,Webcamera24 8566 Ruse LBRS,Webcamera24,0,live,,,ruse bg | Worldcam 40580 | Worldcam bg cam (Ruse)
https://cdn.webcamera24.com/static/image/camera/detail/8438-omv-bala-uastreaming/,Webcamera24 8566 Ruse LBRS,Webcamera24,0,auth_required,,,ruse bg | Webcamera24 8438 OMV Bala | OMV Bala streaming (Ruse area)
https://cdn.webcamera24.com/static/image/camera/detail/8565-ueb-kamera-ot-letise-ruse-s-srklevo-uast/,Webcamera24 8566 Ruse LBRS,Webcamera24,0,auth_required,,,ruse bg | Webcamera24 8565 Ruse letishte Srklevo | Ruse airport
https://cdn.webcamera24.com/static/image/camera/detail/8566-ueb-kamera-ot-letise-ruse-lbrs-ruse-do-s/,Webcamera24 8566 Ruse LBRS,Webcamera24,0,auth_required,,,ruse bg | Webcamera24 8566 Ruse LBRS | Ruse LBRS
